1,1,male / glasses/ Language
2,2,FACerecog/ distanCE/ PASSword
3,3,male / glasses/ Language
4,4,FACerecog/ distanCE/ PASSword
5,5,male / glasses/ Language
6,1,FACerecog/ distanCE/ PASSword
7,2,male / glasses/ Language
8,3,FACerecog/ distanCE/ PASSword
9,4,male / glasses/ Language
10,5,FACerecog/ distanCE/ PASSword
11,1,male / glasses/ Language
12,2,FACerecog/ distanCE/ PASSword
13,3,male / glasses/ Language
14,4,FACerecog/ distanCE/ PASSword
15,5,male / glasses/ Language
16,1,FACerecog/ distanCE/ PASSword
17,2,male / glasses/ Language
18,3,FACerecog/ distanCE/ PASSword
19,4,male / glasses/ Language
20,5,FACerecog/ distanCE/ PASSword
21,1,male / glasses/ Language
22,2,FACerecog/ distanCE/ PASSword
23,3,male / glasses/ Language
24,4,FACerecog/ distanCE/ PASSword
25,5,male / glasses/ Language
26,1,FACerecog/ distanCE/ PASSword
27,2,male / glasses/ Language
28,3,FACerecog/ distanCE/ PASSword
29,4,male / glasses/ Language
30,5,FACerecog/ distanCE/ PASSword
31,1,male / glasses/ Language
32,2,FACerecog/ distanCE/ PASSword
33,3,male / glasses/ Language
34,4,FACerecog/ distanCE/ PASSword
35,5,male / glasses/ Language
36,1,FACerecog/ distanCE/ PASSword
37,2,male / glasses/ Language
38,3,FACerecog/ distanCE/ PASSword
39,4,male / glasses/ Language
40,5,FACerecog/ distanCE/ PASSword
41,1,male / glasses/ Language
42,2,FACerecog/ distanCE/ PASSword
43,3,male / glasses/ Language
44,4,FACerecog/ distanCE/ PASSword
45,5,male / glasses/ Language
46,1,FACerecog/ distanCE/ PASSword
47,2,male / glasses/ Language
48,2,male / glasses/ Language
